{
	"parent": "item/handheld",
	"textures": {
		"layer0": "item/diamond_warhammer"
	},

"display": {
        "thirdperson_righthand": {
            "rotation": [ 0, -85, 40 ],
            "translation": [ 0, 5, 2 ],
            "scale": [ 1.68, 1.68, 1 ]
        },
        "thirdperson_lefthand": {
            "rotation": [ 0, 85, -40 ],
            "translation": [ 0, 5, 2 ],
            "scale": [ 1.68, 1.68, 1 ]
        },
        "firstperson_righthand": {
            "rotation": [ 0, -90, 25 ],
            "translation": [ 0, 3, 0],
            "scale": [ 1.68, 1.68, 1 ]
        },
        "firstperson_lefthand": {
            "rotation": [ 0, 90, -25 ],
            "translation": [ 0, 3, 0],
            "scale": [ 1.68, 1.68, 1 ]
        },
        "gui": {
            "rotation": [ 15, -25, -5 ],
            "translation": [ 0, 0, 0 ],
            "scale": [ 1.68, 1.68, 1 ]
        },
        "fixed": {
            "rotation": [ 0, 180, 0 ],
            "translation": [ 0, 0, 0],
            "scale":[ 1.68, 1.68, 1 ]
        },
        "ground": {
            "rotation": [ 0, 0, 0 ],
            "translation": [ 0, 0, 0],
            "scale":[ 1.68, 1.68, 1 ]
        }
    }
}