{
	"parent": "item/handheld",
	"textures": {
		"layer0": "item/diamond_sword"
	},

	"overrides": [
		{"predicate": {"custom_model_data":121},"model": "item/diamond_rapier"},
		{"predicate": {"custom_model_data":122},"model": "item/diamond_greatsword"},
		{"predicate": {"custom_model_data":123},"model": "item/diamond_cutlass"},
		{"predicate": {"custom_model_data":124},"model": "item/diamond_mace"},
		{"predicate": {"custom_model_data":125},"model": "item/diamond_longsword"},
		{"predicate": {"custom_model_data":126},"model": "item/diamond_warhammer"},
		{"predicate": {"custom_model_data":200},"model": "item/diamond_bec_de_corbin"},
		{"predicate": {"custom_model_data":201},"model": "item/diamond_halberd"},
		{"predicate": {"custom_model_data":202},"model": "item/diamond_dane_axe"}
	]
}