{
	"parent": "item/handheld",
	"textures": {
		"layer0": "item/golden_sword"
	},

	"overrides": [
		{"predicate": {"custom_model_data":121},"model": "item/golden_rapier"},
		{"predicate": {"custom_model_data":122},"model": "item/golden_greatsword"},
		{"predicate": {"custom_model_data":123},"model": "item/golden_cutlass"},
		{"predicate": {"custom_model_data":124},"model": "item/golden_mace"},
		{"predicate": {"custom_model_data":125},"model": "item/golden_longsword"},
		{"predicate": {"custom_model_data":126},"model": "item/golden_warhammer"},
		{"predicate": {"custom_model_data":200},"model": "item/golden_bec_de_corbin"},
		{"predicate": {"custom_model_data":201},"model": "item/golden_halberd"},
		{"predicate": {"custom_model_data":202},"model": "item/golden_dane_axe"}
	]
}