{
	"parent": "item/handheld",
	"textures": {
		"layer0": "item/iron_sword"
	},

	"overrides": [
		{"predicate": {"custom_model_data":121},"model": "item/iron_rapier"},
		{"predicate": {"custom_model_data":122},"model": "item/iron_greatsword"},
		{"predicate": {"custom_model_data":123},"model": "item/iron_cutlass"},
		{"predicate": {"custom_model_data":124},"model": "item/iron_mace"},
		{"predicate": {"custom_model_data":125},"model": "item/iron_longsword"},
		{"predicate": {"custom_model_data":126},"model": "item/iron_warhammer"},
		{"predicate": {"custom_model_data":200},"model": "item/iron_bec_de_corbin"},
		{"predicate": {"custom_model_data":201},"model": "item/iron_halberd"},
		{"predicate": {"custom_model_data":202},"model": "item/iron_dane_axe"}
	]
}