{
	"credit": "Made with Blockbench",
	"parent": "netherite_sword",
	"texture_size": [64, 64],
	"textures": {
		"0": "item/custom/iron_longsword",
		"1": "item/custom/dazz_rapier_guard",
		"2": "item/custom/dazz_rapier_gold1",
		"3": "item/custom/dazz_rapier_gold2",
		"4": "item/custom/dazz_rapier_black",
		"particle": "item/custom/iron_longsword"
	},
	"elements": [
		{
			"from": [6.375, 2.375, 24],
			"to": [6.625, 2.625, 26.25],
			"faces": {
				"north": {"uv": [0, 0, 0.0625, 0.0625], "texture": "#0"},
				"east": {"uv": [0, 0, 0.0625, 0.0625], "texture": "#0"},
				"south": {"uv": [0, 0, 0.0625, 0.0625], "texture": "#0"},
				"west": {"uv": [0, 0, 0.0625, 0.0625], "texture": "#0"},
				"up": {"uv": [0, 0, 0.0625, 0.0625], "texture": "#0"},
				"down": {"uv": [0, 0, 0.0625, 0.0625], "texture": "#0"}
			}
		},
		{
			"from": [6.25, 2.375, 11.9375],
			"to": [6.75, 2.625, 13],
			"faces": {
				"north": {"uv": [0, 0, 0.125, 0.0625], "texture": "#0"},
				"east": {"uv": [0, 0, 0.26563, 0.0625], "texture": "#0"},
				"south": {"uv": [0, 0, 0.125, 0.0625], "texture": "#0"},
				"west": {"uv": [0, 0, 0.26563, 0.0625], "texture": "#0"},
				"up": {"uv": [0, 0, 0.125, 0.26563], "texture": "#0"},
				"down": {"uv": [0, 0, 0.125, 0.26563], "texture": "#0"}
			}
		},
		{
			"from": [6.25, 2.375, 10.9375],
			"to": [6.75, 2.625, 12],
			"faces": {
				"north": {"uv": [0, 0, 0.125, 0.0625], "texture": "#0"},
				"east": {"uv": [0, 0, 0.26563, 0.0625], "texture": "#0"},
				"south": {"uv": [0, 0, 0.125, 0.0625], "texture": "#0"},
				"west": {"uv": [0, 0, 0.26563, 0.0625], "texture": "#0"},
				"up": {"uv": [0, 0, 0.125, 0.26563], "texture": "#0"},
				"down": {"uv": [0, 0, 0.125, 0.26563], "texture": "#0"}
			}
		},
		{
			"from": [6.25, 2.375, 10],
			"to": [6.75, 2.625, 11],
			"faces": {
				"north": {"uv": [0, 0, 0.125, 0.0625], "texture": "#0"},
				"east": {"uv": [0, 0, 0.25, 0.0625], "texture": "#0"},
				"south": {"uv": [0, 0, 0.125, 0.0625], "texture": "#0"},
				"west": {"uv": [0, 0, 0.25, 0.0625], "texture": "#0"},
				"up": {"uv": [0, 0, 0.125, 0.25], "texture": "#0"},
				"down": {"uv": [0, 0, 0.125, 0.25], "texture": "#0"}
			}
		},
		{
			"from": [6.25, 2.375, 9],
			"to": [6.75, 2.625, 10],
			"faces": {
				"north": {"uv": [0, 0, 0.125, 0.0625], "texture": "#0"},
				"east": {"uv": [0, 0, 0.25, 0.0625], "texture": "#0"},
				"south": {"uv": [0, 0, 0.125, 0.0625], "texture": "#0"},
				"west": {"uv": [0, 0, 0.25, 0.0625], "texture": "#0"},
				"up": {"uv": [0, 0, 0.125, 0.25], "texture": "#0"},
				"down": {"uv": [0, 0, 0.125, 0.25], "texture": "#0"}
			}
		},
		{
			"from": [6.25, 2.375, 8],
			"to": [6.75, 2.625, 9],
			"faces": {
				"north": {"uv": [0, 0, 0.125, 0.0625], "texture": "#0"},
				"east": {"uv": [0, 0, 0.25, 0.0625], "texture": "#0"},
				"south": {"uv": [0, 0, 0.125, 0.0625], "texture": "#0"},
				"west": {"uv": [0, 0, 0.25, 0.0625], "texture": "#0"},
				"up": {"uv": [0, 0, 0.125, 0.25], "texture": "#0"},
				"down": {"uv": [0, 0, 0.125, 0.25], "texture": "#0"}
			}
		},
		{
			"from": [6.25, 2.375, 7],
			"to": [6.75, 2.625, 8],
			"faces": {
				"north": {"uv": [0, 0, 0.125, 0.0625], "texture": "#0"},
				"east": {"uv": [0, 0, 0.25, 0.0625], "texture": "#0"},
				"south": {"uv": [0, 0, 0.125, 0.0625], "texture": "#0"},
				"west": {"uv": [0, 0, 0.25, 0.0625], "texture": "#0"},
				"up": {"uv": [0, 0, 0.125, 0.25], "texture": "#0"},
				"down": {"uv": [0, 0, 0.125, 0.25], "texture": "#0"}
			}
		},
		{
			"from": [6.25, 2.375, 6],
			"to": [6.75, 2.625, 7],
			"faces": {
				"north": {"uv": [0, 0, 0.125, 0.0625], "texture": "#0"},
				"east": {"uv": [0, 0, 0.25, 0.0625], "texture": "#0"},
				"south": {"uv": [0, 0, 0.125, 0.0625], "texture": "#0"},
				"west": {"uv": [0, 0, 0.25, 0.0625], "texture": "#0"},
				"up": {"uv": [0, 0, 0.125, 0.25], "texture": "#0"},
				"down": {"uv": [0, 0, 0.125, 0.25], "texture": "#0"}
			}
		},
		{
			"from": [6.25, 2.375, 5],
			"to": [6.75, 2.625, 6],
			"faces": {
				"north": {"uv": [0, 0, 0.125, 0.0625], "texture": "#0"},
				"east": {"uv": [0, 0, 0.25, 0.0625], "texture": "#0"},
				"south": {"uv": [0, 0, 0.125, 0.0625], "texture": "#0"},
				"west": {"uv": [0, 0, 0.25, 0.0625], "texture": "#0"},
				"up": {"uv": [0, 0, 0.125, 0.25], "texture": "#0"},
				"down": {"uv": [0, 0, 0.125, 0.25], "texture": "#0"}
			}
		},
		{
			"from": [6.25, 2.375, 4],
			"to": [6.75, 2.625, 5],
			"faces": {
				"north": {"uv": [0, 0, 0.125, 0.0625], "texture": "#0"},
				"east": {"uv": [0, 0, 0.25, 0.0625], "texture": "#0"},
				"south": {"uv": [0, 0, 0.125, 0.0625], "texture": "#0"},
				"west": {"uv": [0, 0, 0.25, 0.0625], "texture": "#0"},
				"up": {"uv": [0, 0, 0.125, 0.25], "texture": "#0"},
				"down": {"uv": [0, 0, 0.125, 0.25], "texture": "#0"}
			}
		},
		{
			"from": [6.125, 2.25, 3],
			"to": [6.875, 2.75, 4],
			"faces": {
				"north": {"uv": [0, 0, 0.1875, 0.125], "texture": "#1"},
				"east": {"uv": [0, 0, 0.25, 0.125], "texture": "#1"},
				"south": {"uv": [0, 0, 0.1875, 0.125], "texture": "#1"},
				"west": {"uv": [0, 0, 0.25, 0.125], "texture": "#1"},
				"up": {"uv": [0, 0, 0.1875, 0.25], "texture": "#1"},
				"down": {"uv": [0, 0, 0.1875, 0.25], "texture": "#1"}
			}
		},
		{
			"from": [6.0625, 2.1875, 2],
			"to": [6.9375, 2.8125, 3],
			"faces": {
				"north": {"uv": [0, 0, 0.21875, 0.15625], "texture": "#4"},
				"east": {"uv": [0, 0, 0.25, 0.15625], "texture": "#4"},
				"south": {"uv": [0, 0, 0.21875, 0.15625], "texture": "#4"},
				"west": {"uv": [0, 0, 0.25, 0.15625], "texture": "#4"},
				"up": {"uv": [0, 0, 0.21875, 0.25], "texture": "#4"},
				"down": {"uv": [0, 0, 0.21875, 0.25], "texture": "#4"}
			}
		},
		{
			"from": [6.0625, 2.1875, 1],
			"to": [6.9375, 2.8125, 2],
			"faces": {
				"north": {"uv": [0, 0, 0.21875, 0.15625], "texture": "#4"},
				"east": {"uv": [0, 0, 0.25, 0.15625], "texture": "#4"},
				"south": {"uv": [0, 0, 0.21875, 0.15625], "texture": "#4"},
				"west": {"uv": [0, 0, 0.25, 0.15625], "texture": "#4"},
				"up": {"uv": [0, 0, 0.21875, 0.25], "texture": "#4"},
				"down": {"uv": [0, 0, 0.21875, 0.25], "texture": "#4"}
			}
		},
		{
			"from": [6.0625, 2.1875, 0],
			"to": [6.9375, 2.8125, 1],
			"faces": {
				"north": {"uv": [0, 0, 0.21875, 0.15625], "texture": "#4"},
				"east": {"uv": [0, 0, 0.25, 0.15625], "texture": "#4"},
				"south": {"uv": [0, 0, 0.21875, 0.15625], "texture": "#4"},
				"west": {"uv": [0, 0, 0.25, 0.15625], "texture": "#4"},
				"up": {"uv": [0, 0, 0.21875, 0.25], "texture": "#4"},
				"down": {"uv": [0, 0, 0.21875, 0.25], "texture": "#4"}
			}
		},
		{
			"from": [5, 2.25, 3.5],
			"to": [6.125, 2.75, 4],
			"faces": {
				"north": {"uv": [0, 0, 0.28125, 0.125], "texture": "#1"},
				"east": {"uv": [0, 0, 0.28125, 0.125], "texture": "#1"},
				"south": {"uv": [0, 0, 0.28125, 0.125], "texture": "#1"},
				"west": {"uv": [0, 0, 0.28125, 0.125], "texture": "#1"},
				"up": {"uv": [0, 0, 0.28125, 0.125], "texture": "#1"},
				"down": {"uv": [0, 0, 0.28125, 0.125], "texture": "#1"}
			}
		},
		{
			"from": [4, 2.25, 3.5],
			"to": [5, 2.75, 4],
			"faces": {
				"north": {"uv": [0, 0, 0.25, 0.125], "texture": "#1"},
				"east": {"uv": [0, 0, 0.125, 0.125], "texture": "#1"},
				"south": {"uv": [0, 0, 0.25, 0.125], "texture": "#1"},
				"west": {"uv": [0, 0, 0.125, 0.125], "texture": "#1"},
				"up": {"uv": [0, 0, 0.25, 0.125], "texture": "#1"},
				"down": {"uv": [0, 0, 0.25, 0.125], "texture": "#1"}
			}
		},
		{
			"from": [6.25, 2.375, 12.9375],
			"to": [6.75, 2.625, 25],
			"faces": {
				"north": {"uv": [0, 0, 0.125, 0.0625], "texture": "#0"},
				"east": {"uv": [0, 0, 3.01563, 0.0625], "texture": "#0"},
				"south": {"uv": [0, 0, 0.125, 0.0625], "texture": "#0"},
				"west": {"uv": [0, 0, 3.01563, 0.0625], "texture": "#0"},
				"up": {"uv": [0, 0, 0.125, 3.01563], "texture": "#0"},
				"down": {"uv": [0, 0, 0.125, 3.01563], "texture": "#0"}
			}
		},
		{
			"from": [6.0625, 2.1875, -1],
			"to": [6.9375, 2.8125, 0],
			"faces": {
				"north": {"uv": [0, 0, 0.21875, 0.15625], "texture": "#4"},
				"east": {"uv": [0, 0, 0.25, 0.15625], "texture": "#4"},
				"south": {"uv": [0, 0, 0.21875, 0.15625], "texture": "#4"},
				"west": {"uv": [0, 0, 0.25, 0.15625], "texture": "#4"},
				"up": {"uv": [0, 0, 0.21875, 0.25], "texture": "#4"},
				"down": {"uv": [0, 0, 0.21875, 0.25], "texture": "#4"}
			}
		},
		{
			"from": [6.875, 2.25, 3.5],
			"to": [8, 2.75, 4],
			"faces": {
				"north": {"uv": [0, 0, 0.28125, 0.125], "texture": "#1"},
				"east": {"uv": [0, 0, 0.125, 0.125], "texture": "#1"},
				"south": {"uv": [0, 0, 0.28125, 0.125], "texture": "#1"},
				"west": {"uv": [0, 0, 0.125, 0.125], "texture": "#1"},
				"up": {"uv": [0, 0, 0.28125, 0.125], "texture": "#1"},
				"down": {"uv": [0, 0, 0.28125, 0.125], "texture": "#1"}
			}
		},
		{
			"from": [8, 2.25, 3.5],
			"to": [9, 2.75, 4],
			"faces": {
				"north": {"uv": [0, 0, 0.25, 0.125], "texture": "#1"},
				"east": {"uv": [0, 0, 0.125, 0.125], "texture": "#1"},
				"south": {"uv": [0, 0, 0.25, 0.125], "texture": "#1"},
				"west": {"uv": [0, 0, 0.125, 0.125], "texture": "#1"},
				"up": {"uv": [0, 0, 0.25, 0.125], "texture": "#1"},
				"down": {"uv": [0, 0, 0.25, 0.125], "texture": "#1"}
			}
		},
		{
			"from": [3.75, 2, 3.25],
			"to": [4, 3, 4.25],
			"faces": {
				"north": {"uv": [0, 0, 0.0625, 0.25], "texture": "#2"},
				"east": {"uv": [0, 0, 0.0625, 0.25], "texture": "#2"},
				"south": {"uv": [0, 0, 0.0625, 0.25], "texture": "#2"},
				"west": {"uv": [0, 0, 0.0625, 0.25], "texture": "#2"},
				"up": {"uv": [0, 0, 0.0625, 0.25], "texture": "#2"},
				"down": {"uv": [0, 0, 0.0625, 0.25], "texture": "#2"}
			}
		},
		{
			"from": [9, 2, 3.25],
			"to": [9.25, 3, 4.25],
			"faces": {
				"north": {"uv": [0, 0, 0.0625, 0.25], "texture": "#2"},
				"east": {"uv": [0, 0, 0.25, 0.25], "texture": "#2"},
				"south": {"uv": [0, 0, 0.0625, 0.25], "texture": "#2"},
				"west": {"uv": [0, 0, 0.25, 0.25], "texture": "#2"},
				"up": {"uv": [0, 0, 0.0625, 0.25], "texture": "#2"},
				"down": {"uv": [0, 0, 0.0625, 0.25], "texture": "#2"}
			}
		},
		{
			"from": [6, 2.125, -2.0625],
			"to": [7, 2.875, -1],
			"faces": {
				"north": {"uv": [0, 0, 0.25, 0.1875], "texture": "#2"},
				"east": {"uv": [0, 0, 0.26563, 0.1875], "texture": "#2"},
				"south": {"uv": [0, 0, 0.25, 0.1875], "texture": "#2"},
				"west": {"uv": [0, 0, 0.26563, 0.1875], "texture": "#2"},
				"up": {"uv": [0, 0, 0.25, 0.26563], "texture": "#2"},
				"down": {"uv": [0, 0, 0.25, 0.26563], "texture": "#2"}
			}
		},
		{
			"from": [6.75, 2.25, -1.75],
			"to": [7.25, 2.75, -1.25],
			"faces": {
				"north": {"uv": [0, 0, 0.125, 0.125], "texture": "#3"},
				"east": {"uv": [0, 0, 0.125, 0.125], "texture": "#3"},
				"south": {"uv": [0, 0, 0.125, 0.125], "texture": "#3"},
				"west": {"uv": [0, 0, 0.125, 0.125], "texture": "#3"},
				"up": {"uv": [0, 0, 0.125, 0.125], "texture": "#3"},
				"down": {"uv": [0, 0, 0.125, 0.125], "texture": "#3"}
			}
		},
		{
			"from": [7.25, 2.25, -1.5],
			"to": [7.75, 2.75, -1],
			"faces": {
				"north": {"uv": [0, 0, 0.125, 0.125], "texture": "#3"},
				"east": {"uv": [0, 0, 0.125, 0.125], "texture": "#3"},
				"south": {"uv": [0, 0, 0.125, 0.125], "texture": "#3"},
				"west": {"uv": [0, 0, 0.125, 0.125], "texture": "#3"},
				"up": {"uv": [0, 0, 0.125, 0.125], "texture": "#3"},
				"down": {"uv": [0, 0, 0.125, 0.125], "texture": "#3"}
			}
		},
		{
			"from": [7.5, 1.75, -1.25],
			"to": [8, 2.25, -0.75],
			"faces": {
				"north": {"uv": [0, 0, 0.125, 0.125], "texture": "#3"},
				"east": {"uv": [0, 0, 0.125, 0.125], "texture": "#3"},
				"south": {"uv": [0, 0, 0.125, 0.125], "texture": "#3"},
				"west": {"uv": [0, 0, 0.125, 0.125], "texture": "#3"},
				"up": {"uv": [0, 0, 0.125, 0.125], "texture": "#3"},
				"down": {"uv": [0, 0, 0.125, 0.125], "texture": "#3"}
			}
		},
		{
			"from": [8, 1.5, -1],
			"to": [8.5, 2, -0.5],
			"faces": {
				"north": {"uv": [0, 0, 0.125, 0.125], "texture": "#3"},
				"east": {"uv": [0, 0, 0.125, 0.125], "texture": "#3"},
				"south": {"uv": [0, 0, 0.125, 0.125], "texture": "#3"},
				"west": {"uv": [0, 0, 0.125, 0.125], "texture": "#3"},
				"up": {"uv": [0, 0, 0.125, 0.125], "texture": "#3"},
				"down": {"uv": [0, 0, 0.125, 0.125], "texture": "#3"}
			}
		},
		{
			"from": [8.5, 1.25, -0.75],
			"to": [9, 1.75, -0.25],
			"faces": {
				"north": {"uv": [0, 0, 0.125, 0.125], "texture": "#3"},
				"east": {"uv": [0, 0, 0.125, 0.125], "texture": "#3"},
				"south": {"uv": [0, 0, 0.125, 0.125], "texture": "#3"},
				"west": {"uv": [0, 0, 0.125, 0.125], "texture": "#3"},
				"up": {"uv": [0, 0, 0.125, 0.125], "texture": "#3"},
				"down": {"uv": [0, 0, 0.125, 0.125], "texture": "#3"}
			}
		},
		{
			"from": [8.75, 1, -0.25],
			"to": [9.25, 1.5, 0.25],
			"faces": {
				"north": {"uv": [0, 0, 0.125, 0.125], "texture": "#3"},
				"east": {"uv": [0, 0, 0.125, 0.125], "texture": "#3"},
				"south": {"uv": [0, 0, 0.125, 0.125], "texture": "#3"},
				"west": {"uv": [0, 0, 0.125, 0.125], "texture": "#3"},
				"up": {"uv": [0, 0, 0.125, 0.125], "texture": "#3"},
				"down": {"uv": [0, 0, 0.125, 0.125], "texture": "#3"}
			}
		},
		{
			"from": [9, 0.75, 0.25],
			"to": [9.5, 1.25, 0.75],
			"faces": {
				"north": {"uv": [0, 0, 0.125, 0.125], "texture": "#3"},
				"east": {"uv": [0, 0, 0.125, 0.125], "texture": "#3"},
				"south": {"uv": [0, 0, 0.125, 0.125], "texture": "#3"},
				"west": {"uv": [0, 0, 0.125, 0.125], "texture": "#3"},
				"up": {"uv": [0, 0, 0.125, 0.125], "texture": "#3"},
				"down": {"uv": [0, 0, 0.125, 0.125], "texture": "#3"}
			}
		},
		{
			"from": [9.5, 0.5, 0.5],
			"to": [10, 1, 1],
			"faces": {
				"north": {"uv": [0, 0, 0.125, 0.125], "texture": "#3"},
				"east": {"uv": [0, 0, 0.125, 0.125], "texture": "#3"},
				"south": {"uv": [0, 0, 0.125, 0.125], "texture": "#3"},
				"west": {"uv": [0, 0, 0.125, 0.125], "texture": "#3"},
				"up": {"uv": [0, 0, 0.125, 0.125], "texture": "#3"},
				"down": {"uv": [0, 0, 0.125, 0.125], "texture": "#3"}
			}
		},
		{
			"from": [9.5, 0.25, 1],
			"to": [10, 0.75, 1.5],
			"faces": {
				"north": {"uv": [0, 0, 0.125, 0.125], "texture": "#3"},
				"east": {"uv": [0, 0, 0.125, 0.125], "texture": "#3"},
				"south": {"uv": [0, 0, 0.125, 0.125], "texture": "#3"},
				"west": {"uv": [0, 0, 0.125, 0.125], "texture": "#3"},
				"up": {"uv": [0, 0, 0.125, 0.125], "texture": "#3"},
				"down": {"uv": [0, 0, 0.125, 0.125], "texture": "#3"}
			}
		},
		{
			"from": [9.5, 0, 1.5],
			"to": [10, 0.5, 2],
			"faces": {
				"north": {"uv": [0, 0, 0.125, 0.125], "texture": "#3"},
				"east": {"uv": [0, 0, 0.125, 0.125], "texture": "#3"},
				"south": {"uv": [0, 0, 0.125, 0.125], "texture": "#3"},
				"west": {"uv": [0, 0, 0.125, 0.125], "texture": "#3"},
				"up": {"uv": [0, 0, 0.125, 0.125], "texture": "#3"},
				"down": {"uv": [0, 0, 0.125, 0.125], "texture": "#3"}
			}
		},
		{
			"from": [9.25, 0, 2],
			"to": [9.75, 0.5, 2.5],
			"faces": {
				"north": {"uv": [0, 0, 0.125, 0.125], "texture": "#3"},
				"east": {"uv": [0, 0, 0.125, 0.125], "texture": "#3"},
				"south": {"uv": [0, 0, 0.125, 0.125], "texture": "#3"},
				"west": {"uv": [0, 0, 0.125, 0.125], "texture": "#3"},
				"up": {"uv": [0, 0, 0.125, 0.125], "texture": "#3"},
				"down": {"uv": [0, 0, 0.125, 0.125], "texture": "#3"}
			}
		},
		{
			"from": [9, 0, 2.5],
			"to": [9.5, 0.5, 3],
			"faces": {
				"north": {"uv": [0, 0, 0.125, 0.125], "texture": "#3"},
				"east": {"uv": [0, 0, 0.125, 0.125], "texture": "#3"},
				"south": {"uv": [0, 0, 0.125, 0.125], "texture": "#3"},
				"west": {"uv": [0, 0, 0.125, 0.125], "texture": "#3"},
				"up": {"uv": [0, 0, 0.125, 0.125], "texture": "#3"},
				"down": {"uv": [0, 0, 0.125, 0.125], "texture": "#3"}
			}
		},
		{
			"from": [8.75, 0, 3],
			"to": [9.25, 0.5, 3.5],
			"faces": {
				"north": {"uv": [0, 0, 0.125, 0.125], "texture": "#3"},
				"east": {"uv": [0, 0, 0.125, 0.125], "texture": "#3"},
				"south": {"uv": [0, 0, 0.125, 0.125], "texture": "#3"},
				"west": {"uv": [0, 0, 0.125, 0.125], "texture": "#3"},
				"up": {"uv": [0, 0, 0.125, 0.125], "texture": "#3"},
				"down": {"uv": [0, 0, 0.125, 0.125], "texture": "#3"}
			}
		},
		{
			"from": [8.5, 0.25, 3.5],
			"to": [9, 0.75, 4],
			"faces": {
				"north": {"uv": [0, 0, 0.125, 0.125], "texture": "#3"},
				"east": {"uv": [0, 0, 0.125, 0.125], "texture": "#3"},
				"south": {"uv": [0, 0, 0.125, 0.125], "texture": "#3"},
				"west": {"uv": [0, 0, 0.125, 0.125], "texture": "#3"},
				"up": {"uv": [0, 0, 0.125, 0.125], "texture": "#3"},
				"down": {"uv": [0, 0, 0.125, 0.125], "texture": "#3"}
			}
		},
		{
			"from": [8.25, 0.25, 4],
			"to": [8.75, 0.75, 4.5],
			"faces": {
				"north": {"uv": [0, 0, 0.125, 0.125], "texture": "#3"},
				"east": {"uv": [0, 0, 0.125, 0.125], "texture": "#3"},
				"south": {"uv": [0, 0, 0.125, 0.125], "texture": "#3"},
				"west": {"uv": [0, 0, 0.125, 0.125], "texture": "#3"},
				"up": {"uv": [0, 0, 0.125, 0.125], "texture": "#3"},
				"down": {"uv": [0, 0, 0.125, 0.125], "texture": "#3"}
			}
		},
		{
			"from": [7.75, 0.25, 4.25],
			"to": [8.25, 0.75, 4.75],
			"faces": {
				"north": {"uv": [0, 0, 0.125, 0.125], "texture": "#3"},
				"east": {"uv": [0, 0, 0.125, 0.125], "texture": "#3"},
				"south": {"uv": [0, 0, 0.125, 0.125], "texture": "#3"},
				"west": {"uv": [0, 0, 0.125, 0.125], "texture": "#3"},
				"up": {"uv": [0, 0, 0.125, 0.125], "texture": "#3"},
				"down": {"uv": [0, 0, 0.125, 0.125], "texture": "#3"}
			}
		},
		{
			"from": [7.25, 0.25, 4.5],
			"to": [7.75, 0.75, 5],
			"faces": {
				"north": {"uv": [0, 0, 0.125, 0.125], "texture": "#3"},
				"east": {"uv": [0, 0, 0.125, 0.125], "texture": "#3"},
				"south": {"uv": [0, 0, 0.125, 0.125], "texture": "#3"},
				"west": {"uv": [0, 0, 0.125, 0.125], "texture": "#3"},
				"up": {"uv": [0, 0, 0.125, 0.125], "texture": "#3"},
				"down": {"uv": [0, 0, 0.125, 0.125], "texture": "#3"}
			}
		},
		{
			"from": [6.75, 0.25, 4.75],
			"to": [7.25, 0.75, 5.25],
			"faces": {
				"north": {"uv": [0, 0, 0.125, 0.125], "texture": "#3"},
				"east": {"uv": [0, 0, 0.125, 0.125], "texture": "#3"},
				"south": {"uv": [0, 0, 0.125, 0.125], "texture": "#3"},
				"west": {"uv": [0, 0, 0.125, 0.125], "texture": "#3"},
				"up": {"uv": [0, 0, 0.125, 0.125], "texture": "#3"},
				"down": {"uv": [0, 0, 0.125, 0.125], "texture": "#3"}
			}
		},
		{
			"from": [7.5, 2.75, -1.25],
			"to": [8, 3.25, -0.75],
			"faces": {
				"north": {"uv": [0, 0, 0.125, 0.125], "texture": "#3"},
				"east": {"uv": [0, 0, 0.125, 0.125], "texture": "#3"},
				"south": {"uv": [0, 0, 0.125, 0.125], "texture": "#3"},
				"west": {"uv": [0, 0, 0.125, 0.125], "texture": "#3"},
				"up": {"uv": [0, 0, 0.125, 0.125], "texture": "#3"},
				"down": {"uv": [0, 0, 0.125, 0.125], "texture": "#3"}
			}
		},
		{
			"from": [8, 3, -1],
			"to": [8.5, 3.5, -0.5],
			"faces": {
				"north": {"uv": [0, 0, 0.125, 0.125], "texture": "#3"},
				"east": {"uv": [0, 0, 0.125, 0.125], "texture": "#3"},
				"south": {"uv": [0, 0, 0.125, 0.125], "texture": "#3"},
				"west": {"uv": [0, 0, 0.125, 0.125], "texture": "#3"},
				"up": {"uv": [0, 0, 0.125, 0.125], "texture": "#3"},
				"down": {"uv": [0, 0, 0.125, 0.125], "texture": "#3"}
			}
		},
		{
			"from": [8.25, 3.25, -0.5],
			"to": [8.75, 3.75, 0],
			"faces": {
				"north": {"uv": [0, 0, 0.125, 0.125], "texture": "#3"},
				"east": {"uv": [0, 0, 0.125, 0.125], "texture": "#3"},
				"south": {"uv": [0, 0, 0.125, 0.125], "texture": "#3"},
				"west": {"uv": [0, 0, 0.125, 0.125], "texture": "#3"},
				"up": {"uv": [0, 0, 0.125, 0.125], "texture": "#3"},
				"down": {"uv": [0, 0, 0.125, 0.125], "texture": "#3"}
			}
		},
		{
			"from": [8.5, 3.5, 0],
			"to": [9, 4, 0.5],
			"faces": {
				"north": {"uv": [0, 0, 0.125, 0.125], "texture": "#3"},
				"east": {"uv": [0, 0, 0.125, 0.125], "texture": "#3"},
				"south": {"uv": [0, 0, 0.125, 0.125], "texture": "#3"},
				"west": {"uv": [0, 0, 0.125, 0.125], "texture": "#3"},
				"up": {"uv": [0, 0, 0.125, 0.125], "texture": "#3"},
				"down": {"uv": [0, 0, 0.125, 0.125], "texture": "#3"}
			}
		},
		{
			"from": [8.75, 3.75, 0.5],
			"to": [9.25, 4.25, 1],
			"faces": {
				"north": {"uv": [0, 0, 0.125, 0.125], "texture": "#3"},
				"east": {"uv": [0, 0, 0.125, 0.125], "texture": "#3"},
				"south": {"uv": [0, 0, 0.125, 0.125], "texture": "#3"},
				"west": {"uv": [0, 0, 0.125, 0.125], "texture": "#3"},
				"up": {"uv": [0, 0, 0.125, 0.125], "texture": "#3"},
				"down": {"uv": [0, 0, 0.125, 0.125], "texture": "#3"}
			}
		},
		{
			"from": [8.75, 4, 1],
			"to": [9.25, 4.5, 1.5],
			"faces": {
				"north": {"uv": [0, 0, 0.125, 0.125], "texture": "#3"},
				"east": {"uv": [0, 0, 0.125, 0.125], "texture": "#3"},
				"south": {"uv": [0, 0, 0.125, 0.125], "texture": "#3"},
				"west": {"uv": [0, 0, 0.125, 0.125], "texture": "#3"},
				"up": {"uv": [0, 0, 0.125, 0.125], "texture": "#3"},
				"down": {"uv": [0, 0, 0.125, 0.125], "texture": "#3"}
			}
		},
		{
			"from": [8.5, 4.25, 1.5],
			"to": [9, 4.75, 2],
			"faces": {
				"north": {"uv": [0, 0, 0.125, 0.125], "texture": "#3"},
				"east": {"uv": [0, 0, 0.125, 0.125], "texture": "#3"},
				"south": {"uv": [0, 0, 0.125, 0.125], "texture": "#3"},
				"west": {"uv": [0, 0, 0.125, 0.125], "texture": "#3"},
				"up": {"uv": [0, 0, 0.125, 0.125], "texture": "#3"},
				"down": {"uv": [0, 0, 0.125, 0.125], "texture": "#3"}
			}
		},
		{
			"from": [8.25, 4.25, 2],
			"to": [8.75, 4.75, 2.5],
			"faces": {
				"north": {"uv": [0, 0, 0.125, 0.125], "texture": "#3"},
				"east": {"uv": [0, 0, 0.125, 0.125], "texture": "#3"},
				"south": {"uv": [0, 0, 0.125, 0.125], "texture": "#3"},
				"west": {"uv": [0, 0, 0.125, 0.125], "texture": "#3"},
				"up": {"uv": [0, 0, 0.125, 0.125], "texture": "#3"},
				"down": {"uv": [0, 0, 0.125, 0.125], "texture": "#3"}
			}
		},
		{
			"from": [8, 4.25, 2.5],
			"to": [8.5, 4.75, 3],
			"faces": {
				"north": {"uv": [0, 0, 0.125, 0.125], "texture": "#3"},
				"east": {"uv": [0, 0, 0.125, 0.125], "texture": "#3"},
				"south": {"uv": [0, 0, 0.125, 0.125], "texture": "#3"},
				"west": {"uv": [0, 0, 0.125, 0.125], "texture": "#3"},
				"up": {"uv": [0, 0, 0.125, 0.125], "texture": "#3"},
				"down": {"uv": [0, 0, 0.125, 0.125], "texture": "#3"}
			}
		},
		{
			"from": [7.75, 4.25, 3],
			"to": [8.25, 4.75, 3.5],
			"faces": {
				"north": {"uv": [0, 0, 0.125, 0.125], "texture": "#3"},
				"east": {"uv": [0, 0, 0.125, 0.125], "texture": "#3"},
				"south": {"uv": [0, 0, 0.125, 0.125], "texture": "#3"},
				"west": {"uv": [0, 0, 0.125, 0.125], "texture": "#3"},
				"up": {"uv": [0, 0, 0.125, 0.125], "texture": "#3"},
				"down": {"uv": [0, 0, 0.125, 0.125], "texture": "#3"}
			}
		},
		{
			"from": [7.5, 4.25, 3.5],
			"to": [8, 4.75, 4],
			"faces": {
				"north": {"uv": [0, 0, 0.125, 0.125], "texture": "#3"},
				"east": {"uv": [0, 0, 0.125, 0.125], "texture": "#3"},
				"south": {"uv": [0, 0, 0.125, 0.125], "texture": "#3"},
				"west": {"uv": [0, 0, 0.125, 0.125], "texture": "#3"},
				"up": {"uv": [0, 0, 0.125, 0.125], "texture": "#3"},
				"down": {"uv": [0, 0, 0.125, 0.125], "texture": "#3"}
			}
		},
		{
			"from": [7.25, 4.25, 4],
			"to": [7.75, 4.75, 4.5],
			"faces": {
				"north": {"uv": [0, 0, 0.125, 0.125], "texture": "#3"},
				"east": {"uv": [0, 0, 0.125, 0.125], "texture": "#3"},
				"south": {"uv": [0, 0, 0.125, 0.125], "texture": "#3"},
				"west": {"uv": [0, 0, 0.125, 0.125], "texture": "#3"},
				"up": {"uv": [0, 0, 0.125, 0.125], "texture": "#3"},
				"down": {"uv": [0, 0, 0.125, 0.125], "texture": "#3"}
			}
		},
		{
			"from": [7, 4, 4.5],
			"to": [7.5, 4.5, 5],
			"faces": {
				"north": {"uv": [0, 0, 0.125, 0.125], "texture": "#3"},
				"east": {"uv": [0, 0, 0.125, 0.125], "texture": "#3"},
				"south": {"uv": [0, 0, 0.125, 0.125], "texture": "#3"},
				"west": {"uv": [0, 0, 0.125, 0.125], "texture": "#3"},
				"up": {"uv": [0, 0, 0.125, 0.125], "texture": "#3"},
				"down": {"uv": [0, 0, 0.125, 0.125], "texture": "#3"}
			}
		},
		{
			"from": [6.5, 4, 4.75],
			"to": [7, 4.5, 5.25],
			"faces": {
				"north": {"uv": [0, 0, 0.125, 0.125], "texture": "#3"},
				"east": {"uv": [0, 0, 0.125, 0.125], "texture": "#3"},
				"south": {"uv": [0, 0, 0.125, 0.125], "texture": "#3"},
				"west": {"uv": [0, 0, 0.125, 0.125], "texture": "#3"},
				"up": {"uv": [0, 0, 0.125, 0.125], "texture": "#3"},
				"down": {"uv": [0, 0, 0.125, 0.125], "texture": "#3"}
			}
		},
		{
			"from": [6, 4, 5],
			"to": [6.5, 4.5, 5.5],
			"faces": {
				"north": {"uv": [0, 0, 0.125, 0.125], "texture": "#3"},
				"east": {"uv": [0, 0, 0.125, 0.125], "texture": "#3"},
				"south": {"uv": [0, 0, 0.125, 0.125], "texture": "#3"},
				"west": {"uv": [0, 0, 0.125, 0.125], "texture": "#3"},
				"up": {"uv": [0, 0, 0.125, 0.125], "texture": "#3"},
				"down": {"uv": [0, 0, 0.125, 0.125], "texture": "#3"}
			}
		},
		{
			"from": [5.5, 3.75, 5],
			"to": [6, 4.25, 5.5],
			"faces": {
				"north": {"uv": [0, 0, 0.125, 0.125], "texture": "#3"},
				"east": {"uv": [0, 0, 0.125, 0.125], "texture": "#3"},
				"south": {"uv": [0, 0, 0.125, 0.125], "texture": "#3"},
				"west": {"uv": [0, 0, 0.125, 0.125], "texture": "#3"},
				"up": {"uv": [0, 0, 0.125, 0.125], "texture": "#3"},
				"down": {"uv": [0, 0, 0.125, 0.125], "texture": "#3"}
			}
		},
		{
			"from": [5, 3.5, 5],
			"to": [5.5, 4, 5.5],
			"faces": {
				"north": {"uv": [0, 0, 0.125, 0.125], "texture": "#3"},
				"east": {"uv": [0, 0, 0.125, 0.125], "texture": "#3"},
				"south": {"uv": [0, 0, 0.125, 0.125], "texture": "#3"},
				"west": {"uv": [0, 0, 0.125, 0.125], "texture": "#3"},
				"up": {"uv": [0, 0, 0.125, 0.125], "texture": "#3"},
				"down": {"uv": [0, 0, 0.125, 0.125], "texture": "#3"}
			}
		},
		{
			"from": [4.5, 3.25, 5],
			"to": [5, 3.75, 5.5],
			"faces": {
				"north": {"uv": [0, 0, 0.125, 0.125], "texture": "#3"},
				"east": {"uv": [0, 0, 0.125, 0.125], "texture": "#3"},
				"south": {"uv": [0, 0, 0.125, 0.125], "texture": "#3"},
				"west": {"uv": [0, 0, 0.125, 0.125], "texture": "#3"},
				"up": {"uv": [0, 0, 0.125, 0.125], "texture": "#3"},
				"down": {"uv": [0, 0, 0.125, 0.125], "texture": "#3"}
			}
		},
		{
			"from": [4.25, 2.75, 5],
			"to": [4.75, 3.25, 5.5],
			"faces": {
				"north": {"uv": [0, 0, 0.125, 0.125], "texture": "#3"},
				"east": {"uv": [0, 0, 0.125, 0.125], "texture": "#3"},
				"south": {"uv": [0, 0, 0.125, 0.125], "texture": "#3"},
				"west": {"uv": [0, 0, 0.125, 0.125], "texture": "#3"},
				"up": {"uv": [0, 0, 0.125, 0.125], "texture": "#3"},
				"down": {"uv": [0, 0, 0.125, 0.125], "texture": "#3"}
			}
		},
		{
			"from": [4, 2.25, 5],
			"to": [4.5, 2.75, 5.5],
			"faces": {
				"north": {"uv": [0, 0, 0.125, 0.125], "texture": "#3"},
				"east": {"uv": [0, 0, 0.125, 0.125], "texture": "#3"},
				"south": {"uv": [0, 0, 0.125, 0.125], "texture": "#3"},
				"west": {"uv": [0, 0, 0.125, 0.125], "texture": "#3"},
				"up": {"uv": [0, 0, 0.125, 0.125], "texture": "#3"},
				"down": {"uv": [0, 0, 0.125, 0.125], "texture": "#3"}
			}
		},
		{
			"from": [4.25, 1.75, 5],
			"to": [4.75, 2.25, 5.5],
			"faces": {
				"north": {"uv": [0, 0, 0.125, 0.125], "texture": "#3"},
				"east": {"uv": [0, 0, 0.125, 0.125], "texture": "#3"},
				"south": {"uv": [0, 0, 0.125, 0.125], "texture": "#3"},
				"west": {"uv": [0, 0, 0.125, 0.125], "texture": "#3"},
				"up": {"uv": [0, 0, 0.125, 0.125], "texture": "#3"},
				"down": {"uv": [0, 0, 0.125, 0.125], "texture": "#3"}
			}
		},
		{
			"from": [4.5, 1.25, 5],
			"to": [5, 1.75, 5.5],
			"faces": {
				"north": {"uv": [0, 0, 0.125, 0.125], "texture": "#3"},
				"east": {"uv": [0, 0, 0.125, 0.125], "texture": "#3"},
				"south": {"uv": [0, 0, 0.125, 0.125], "texture": "#3"},
				"west": {"uv": [0, 0, 0.125, 0.125], "texture": "#3"},
				"up": {"uv": [0, 0, 0.125, 0.125], "texture": "#3"},
				"down": {"uv": [0, 0, 0.125, 0.125], "texture": "#3"}
			}
		},
		{
			"from": [4.75, 0.75, 5],
			"to": [5.25, 1.25, 5.5],
			"faces": {
				"north": {"uv": [0, 0, 0.125, 0.125], "texture": "#3"},
				"east": {"uv": [0, 0, 0.125, 0.125], "texture": "#3"},
				"south": {"uv": [0, 0, 0.125, 0.125], "texture": "#3"},
				"west": {"uv": [0, 0, 0.125, 0.125], "texture": "#3"},
				"up": {"uv": [0, 0, 0.125, 0.125], "texture": "#3"},
				"down": {"uv": [0, 0, 0.125, 0.125], "texture": "#3"}
			}
		},
		{
			"from": [5.25, 0.5, 5],
			"to": [5.75, 1, 5.5],
			"faces": {
				"north": {"uv": [0, 0, 0.125, 0.125], "texture": "#3"},
				"east": {"uv": [0, 0, 0.125, 0.125], "texture": "#3"},
				"south": {"uv": [0, 0, 0.125, 0.125], "texture": "#3"},
				"west": {"uv": [0, 0, 0.125, 0.125], "texture": "#3"},
				"up": {"uv": [0, 0, 0.125, 0.125], "texture": "#3"},
				"down": {"uv": [0, 0, 0.125, 0.125], "texture": "#3"}
			}
		},
		{
			"from": [5.75, 0.25, 5],
			"to": [6.25, 0.75, 5.5],
			"faces": {
				"north": {"uv": [0, 0, 0.125, 0.125], "texture": "#3"},
				"east": {"uv": [0, 0, 0.125, 0.125], "texture": "#3"},
				"south": {"uv": [0, 0, 0.125, 0.125], "texture": "#3"},
				"west": {"uv": [0, 0, 0.125, 0.125], "texture": "#3"},
				"up": {"uv": [0, 0, 0.125, 0.125], "texture": "#3"},
				"down": {"uv": [0, 0, 0.125, 0.125], "texture": "#3"}
			}
		},
		{
			"from": [6.25, 0.25, 5.25],
			"to": [6.75, 0.75, 5.75],
			"faces": {
				"north": {"uv": [0, 0, 0.125, 0.125], "texture": "#3"},
				"east": {"uv": [0, 0, 0.125, 0.125], "texture": "#3"},
				"south": {"uv": [1, 0, 1.125, 0.125], "texture": "#3"},
				"west": {"uv": [0, 0, 0.125, 0.125], "texture": "#3"},
				"up": {"uv": [0, 0, 0.125, 0.125], "texture": "#3"},
				"down": {"uv": [0, 0, 0.125, 0.125], "texture": "#3"}
			}
		},
		{
			"from": [6.75, 0.25, 5.5],
			"to": [7.25, 0.75, 6],
			"faces": {
				"north": {"uv": [0, 0, 0.125, 0.125], "texture": "#3"},
				"east": {"uv": [0, 0, 0.125, 0.125], "texture": "#3"},
				"south": {"uv": [0, 0, 0.125, 0.125], "texture": "#3"},
				"west": {"uv": [0, 0, 0.125, 0.125], "texture": "#3"},
				"up": {"uv": [0, 0, 0.125, 0.125], "texture": "#3"},
				"down": {"uv": [0, 0, 0.125, 0.125], "texture": "#3"}
			}
		},
		{
			"from": [7.25, 0.5, 5.75],
			"to": [7.75, 1, 6.25],
			"faces": {
				"north": {"uv": [0, 0, 0.125, 0.125], "texture": "#3"},
				"east": {"uv": [0, 0, 0.125, 0.125], "texture": "#3"},
				"south": {"uv": [0, 0, 0.125, 0.125], "texture": "#3"},
				"west": {"uv": [0, 0, 0.125, 0.125], "texture": "#3"},
				"up": {"uv": [0, 0, 0.125, 0.125], "texture": "#3"},
				"down": {"uv": [0, 0, 0.125, 0.125], "texture": "#3"}
			}
		},
		{
			"from": [7.75, 0.75, 6],
			"to": [8.25, 1.25, 6.5],
			"faces": {
				"north": {"uv": [0, 0, 0.125, 0.125], "texture": "#3"},
				"east": {"uv": [0, 0, 0.125, 0.125], "texture": "#3"},
				"south": {"uv": [0, 0, 0.125, 0.125], "texture": "#3"},
				"west": {"uv": [0, 0, 0.125, 0.125], "texture": "#3"},
				"up": {"uv": [0, 0, 0.125, 0.125], "texture": "#3"},
				"down": {"uv": [0, 0, 0.125, 0.125], "texture": "#3"}
			}
		},
		{
			"from": [8.25, 1, 6],
			"to": [8.75, 1.5, 6.5],
			"faces": {
				"north": {"uv": [0, 0, 0.125, 0.125], "texture": "#3"},
				"east": {"uv": [0, 0, 0.125, 0.125], "texture": "#3"},
				"south": {"uv": [0, 0, 0.125, 0.125], "texture": "#3"},
				"west": {"uv": [0, 0, 0.125, 0.125], "texture": "#3"},
				"up": {"uv": [0, 0, 0.125, 0.125], "texture": "#3"},
				"down": {"uv": [0, 0, 0.125, 0.125], "texture": "#3"}
			}
		},
		{
			"from": [8.5, 1.5, 6.25],
			"to": [9, 2, 6.75],
			"faces": {
				"north": {"uv": [0, 0, 0.125, 0.125], "texture": "#3"},
				"east": {"uv": [0, 0, 0.125, 0.125], "texture": "#3"},
				"south": {"uv": [0, 0, 0.125, 0.125], "texture": "#3"},
				"west": {"uv": [0, 0, 0.125, 0.125], "texture": "#3"},
				"up": {"uv": [0, 0, 0.125, 0.125], "texture": "#3"},
				"down": {"uv": [0, 0, 0.125, 0.125], "texture": "#3"}
			}
		},
		{
			"from": [8.75, 2, 6.5],
			"to": [9.25, 2.5, 7],
			"faces": {
				"north": {"uv": [0, 0, 0.125, 0.125], "texture": "#3"},
				"east": {"uv": [0, 0, 0.125, 0.125], "texture": "#3"},
				"south": {"uv": [0, 0, 0.125, 0.125], "texture": "#3"},
				"west": {"uv": [0, 0, 0.125, 0.125], "texture": "#3"},
				"up": {"uv": [0, 0, 0.125, 0.125], "texture": "#3"},
				"down": {"uv": [0, 0, 0.125, 0.125], "texture": "#3"}
			}
		},
		{
			"from": [8.5, 2.5, 6.5],
			"to": [9, 3, 7],
			"faces": {
				"north": {"uv": [0, 0, 0.125, 0.125], "texture": "#3"},
				"east": {"uv": [0, 0, 0.125, 0.125], "texture": "#3"},
				"south": {"uv": [0, 0, 0.125, 0.125], "texture": "#3"},
				"west": {"uv": [0, 0, 0.125, 0.125], "texture": "#3"},
				"up": {"uv": [0, 0, 0.125, 0.125], "texture": "#3"},
				"down": {"uv": [0, 0, 0.125, 0.125], "texture": "#3"}
			}
		},
		{
			"from": [8.25, 3, 6.5],
			"to": [8.75, 3.5, 7],
			"faces": {
				"north": {"uv": [0, 0, 0.125, 0.125], "texture": "#3"},
				"east": {"uv": [0, 0, 0.125, 0.125], "texture": "#3"},
				"south": {"uv": [0, 0, 0.125, 0.125], "texture": "#3"},
				"west": {"uv": [0, 0, 0.125, 0.125], "texture": "#3"},
				"up": {"uv": [0, 0, 0.125, 0.125], "texture": "#3"},
				"down": {"uv": [0, 0, 0.125, 0.125], "texture": "#3"}
			}
		},
		{
			"from": [8, 3.5, 6.5],
			"to": [8.5, 4, 7],
			"faces": {
				"north": {"uv": [0, 0, 0.125, 0.125], "texture": "#3"},
				"east": {"uv": [0, 0, 0.125, 0.125], "texture": "#3"},
				"south": {"uv": [0, 0, 0.125, 0.125], "texture": "#3"},
				"west": {"uv": [0, 0, 0.125, 0.125], "texture": "#3"},
				"up": {"uv": [0, 0, 0.125, 0.125], "texture": "#3"},
				"down": {"uv": [0, 0, 0.125, 0.125], "texture": "#3"}
			}
		},
		{
			"from": [7.5, 3.75, 6.5],
			"to": [8, 4.25, 7],
			"faces": {
				"north": {"uv": [0, 0, 0.125, 0.125], "texture": "#3"},
				"east": {"uv": [0, 0, 0.125, 0.125], "texture": "#3"},
				"south": {"uv": [0, 0, 0.125, 0.125], "texture": "#3"},
				"west": {"uv": [0, 0, 0.125, 0.125], "texture": "#3"},
				"up": {"uv": [0, 0, 0.125, 0.125], "texture": "#3"},
				"down": {"uv": [0, 0, 0.125, 0.125], "texture": "#3"}
			}
		},
		{
			"from": [7, 4, 6.5],
			"to": [7.5, 4.5, 7],
			"faces": {
				"north": {"uv": [0, 0, 0.125, 0.125], "texture": "#3"},
				"east": {"uv": [0, 0, 0.125, 0.125], "texture": "#3"},
				"south": {"uv": [0, 0, 0.125, 0.125], "texture": "#3"},
				"west": {"uv": [0, 0, 0.125, 0.125], "texture": "#3"},
				"up": {"uv": [0, 0, 0.125, 0.125], "texture": "#3"},
				"down": {"uv": [0, 0, 0.125, 0.125], "texture": "#3"}
			}
		},
		{
			"from": [6.5, 4, 6.25],
			"to": [7, 4.5, 6.75],
			"faces": {
				"north": {"uv": [0, 0, 0.125, 0.125], "texture": "#3"},
				"east": {"uv": [0, 0, 0.125, 0.125], "texture": "#3"},
				"south": {"uv": [0, 0, 0.125, 0.125], "texture": "#3"},
				"west": {"uv": [0, 0, 0.125, 0.125], "texture": "#3"},
				"up": {"uv": [0, 0, 0.125, 0.125], "texture": "#3"},
				"down": {"uv": [0, 0, 0.125, 0.125], "texture": "#3"}
			}
		},
		{
			"from": [6, 3.75, 6],
			"to": [6.5, 4.25, 6.5],
			"faces": {
				"north": {"uv": [0, 0, 0.125, 0.125], "texture": "#3"},
				"east": {"uv": [0, 0, 0.125, 0.125], "texture": "#3"},
				"south": {"uv": [0, 0, 0.125, 0.125], "texture": "#3"},
				"west": {"uv": [0, 0, 0.125, 0.125], "texture": "#3"},
				"up": {"uv": [0, 0, 0.125, 0.125], "texture": "#3"},
				"down": {"uv": [0, 0, 0.125, 0.125], "texture": "#3"}
			}
		},
		{
			"from": [5.5, 3.5, 5.75],
			"to": [6, 4, 6.25],
			"faces": {
				"north": {"uv": [0, 0, 0.125, 0.125], "texture": "#3"},
				"east": {"uv": [0, 0, 0.125, 0.125], "texture": "#3"},
				"south": {"uv": [0, 0, 0.125, 0.125], "texture": "#3"},
				"west": {"uv": [0, 0, 0.125, 0.125], "texture": "#3"},
				"up": {"uv": [0, 0, 0.125, 0.125], "texture": "#3"},
				"down": {"uv": [0, 0, 0.125, 0.125], "texture": "#3"}
			}
		},
		{
			"from": [5, 3.25, 5.5],
			"to": [5.5, 3.75, 6],
			"faces": {
				"north": {"uv": [0, 0, 0.125, 0.125], "texture": "#3"},
				"east": {"uv": [0, 0, 0.125, 0.125], "texture": "#3"},
				"south": {"uv": [0, 0, 0.125, 0.125], "texture": "#3"},
				"west": {"uv": [0, 0, 0.125, 0.125], "texture": "#3"},
				"up": {"uv": [0, 0, 0.125, 0.125], "texture": "#3"},
				"down": {"uv": [0, 0, 0.125, 0.125], "texture": "#3"}
			}
		},
		{
			"from": [7.75, 2.25, -1.25],
			"to": [8.25, 2.75, -0.75],
			"faces": {
				"north": {"uv": [0, 0, 0.125, 0.125], "texture": "#3"},
				"east": {"uv": [0, 0, 0.125, 0.125], "texture": "#3"},
				"south": {"uv": [0, 0, 0.125, 0.125], "texture": "#3"},
				"west": {"uv": [0, 0, 0.125, 0.125], "texture": "#3"},
				"up": {"uv": [0, 0, 0.125, 0.125], "texture": "#3"},
				"down": {"uv": [0, 0, 0.125, 0.125], "texture": "#3"}
			}
		},
		{
			"from": [8, 2.25, -0.75],
			"to": [8.5, 2.75, -0.25],
			"faces": {
				"north": {"uv": [0, 0, 0.125, 0.125], "texture": "#3"},
				"east": {"uv": [0, 0, 0.125, 0.125], "texture": "#3"},
				"south": {"uv": [0, 0, 0.125, 0.125], "texture": "#3"},
				"west": {"uv": [0, 0, 0.125, 0.125], "texture": "#3"},
				"up": {"uv": [0, 0, 0.125, 0.125], "texture": "#3"},
				"down": {"uv": [0, 0, 0.125, 0.125], "texture": "#3"}
			}
		},
		{
			"from": [8.25, 2.25, -0.25],
			"to": [8.75, 2.75, 0.25],
			"faces": {
				"north": {"uv": [0, 0, 0.125, 0.125], "texture": "#3"},
				"east": {"uv": [0, 0, 0.125, 0.125], "texture": "#3"},
				"south": {"uv": [0, 0, 0.125, 0.125], "texture": "#3"},
				"west": {"uv": [0, 0, 0.125, 0.125], "texture": "#3"},
				"up": {"uv": [0, 0, 0.125, 0.125], "texture": "#3"},
				"down": {"uv": [0, 0, 0.125, 0.125], "texture": "#3"}
			}
		},
		{
			"from": [8.5, 2.25, 0.25],
			"to": [9, 2.75, 0.75],
			"faces": {
				"north": {"uv": [0, 0, 0.125, 0.125], "texture": "#3"},
				"east": {"uv": [0, 0, 0.125, 0.125], "texture": "#3"},
				"south": {"uv": [0, 0, 0.125, 0.125], "texture": "#3"},
				"west": {"uv": [0, 0, 0.125, 0.125], "texture": "#3"},
				"up": {"uv": [0, 0, 0.125, 0.125], "texture": "#3"},
				"down": {"uv": [0, 0, 0.125, 0.125], "texture": "#3"}
			}
		},
		{
			"from": [8.75, 2.25, 0.75],
			"to": [9.25, 2.75, 1.25],
			"faces": {
				"north": {"uv": [0, 0, 0.125, 0.125], "texture": "#3"},
				"east": {"uv": [0, 0, 0.125, 0.125], "texture": "#3"},
				"south": {"uv": [0, 0, 0.125, 0.125], "texture": "#3"},
				"west": {"uv": [0, 0, 0.125, 0.125], "texture": "#3"},
				"up": {"uv": [0, 0, 0.125, 0.125], "texture": "#3"},
				"down": {"uv": [0, 0, 0.125, 0.125], "texture": "#3"}
			}
		},
		{
			"from": [8.75, 2.25, 1.25],
			"to": [9.25, 2.75, 1.75],
			"faces": {
				"north": {"uv": [0, 0, 0.125, 0.125], "texture": "#3"},
				"east": {"uv": [0, 0, 0.125, 0.125], "texture": "#3"},
				"south": {"uv": [0, 0, 0.125, 0.125], "texture": "#3"},
				"west": {"uv": [0, 0, 0.125, 0.125], "texture": "#3"},
				"up": {"uv": [0, 0, 0.125, 0.125], "texture": "#3"},
				"down": {"uv": [0, 0, 0.125, 0.125], "texture": "#3"}
			}
		},
		{
			"from": [8.5, 2.25, 1.75],
			"to": [9, 2.75, 2.25],
			"faces": {
				"north": {"uv": [0, 0, 0.125, 0.125], "texture": "#3"},
				"east": {"uv": [0, 0, 0.125, 0.125], "texture": "#3"},
				"south": {"uv": [0, 0, 0.125, 0.125], "texture": "#3"},
				"west": {"uv": [0, 0, 0.125, 0.125], "texture": "#3"},
				"up": {"uv": [0, 0, 0.125, 0.125], "texture": "#3"},
				"down": {"uv": [0, 0, 0.125, 0.125], "texture": "#3"}
			}
		},
		{
			"from": [8.25, 2.25, 2.25],
			"to": [8.75, 2.75, 2.75],
			"faces": {
				"north": {"uv": [0, 0, 0.125, 0.125], "texture": "#3"},
				"east": {"uv": [0, 0, 0.125, 0.125], "texture": "#3"},
				"south": {"uv": [0, 0, 0.125, 0.125], "texture": "#3"},
				"west": {"uv": [0, 0, 0.125, 0.125], "texture": "#3"},
				"up": {"uv": [0, 0, 0.125, 0.125], "texture": "#3"},
				"down": {"uv": [0, 0, 0.125, 0.125], "texture": "#3"}
			}
		},
		{
			"from": [7.75, 2.25, 2.5],
			"to": [8.25, 2.75, 3],
			"faces": {
				"north": {"uv": [0, 0, 0.125, 0.125], "texture": "#3"},
				"east": {"uv": [0, 0, 0.125, 0.125], "texture": "#3"},
				"south": {"uv": [0, 0, 0.125, 0.125], "texture": "#3"},
				"west": {"uv": [0, 0, 0.125, 0.125], "texture": "#3"},
				"up": {"uv": [0, 0, 0.125, 0.125], "texture": "#3"},
				"down": {"uv": [0, 0, 0.125, 0.125], "texture": "#3"}
			}
		},
		{
			"from": [7.5, 2.25, 3],
			"to": [8, 2.75, 3.5],
			"faces": {
				"north": {"uv": [0, 0, 0.125, 0.125], "texture": "#3"},
				"east": {"uv": [0, 0, 0.125, 0.125], "texture": "#3"},
				"south": {"uv": [0, 0, 0.125, 0.125], "texture": "#3"},
				"west": {"uv": [0, 0, 0.125, 0.125], "texture": "#3"},
				"up": {"uv": [0, 0, 0.125, 0.125], "texture": "#3"},
				"down": {"uv": [0, 0, 0.125, 0.125], "texture": "#3"}
			}
		},
		{
			"from": [6.4375, 2.25, 4],
			"to": [6.5625, 2.75, 25],
			"faces": {
				"north": {"uv": [0, 0, 0.03125, 0.125], "texture": "#0"},
				"east": {"uv": [0, 0, 5.25, 0.125], "texture": "#0"},
				"south": {"uv": [0, 0, 0.03125, 0.125], "texture": "#0"},
				"west": {"uv": [0, 0, 5.25, 0.125], "texture": "#0"},
				"up": {"uv": [0, 0, 0.03125, 5.25], "texture": "#0"},
				"down": {"uv": [0, 0, 0.03125, 5.25], "texture": "#0"}
			}
		}
	],
	"display": {
		"thirdperson_righthand": {
			"rotation": [-89, 0, 92],
			"translation": [-5.5, 4.75, -0.5]
		},
		"thirdperson_lefthand": {
			"rotation": [-89, 0, -92],
			"translation": [5.75, 4.75, -0.25]
		},
		"firstperson_righthand": {
			"rotation": [-90, 0, 82],
			"translation": [0, 0, -7.25]
		},
		"firstperson_lefthand": {
			"rotation": [-90, 0, 82],
			"translation": [0, 0, -5.5]
		},
		"ground": {
			"rotation": [-121, 45, 36],
			"translation": [0, 0, -7.75]
		},
		"gui": {
			"rotation": [-89, 47, 0],
			"translation": [-1.25, -2.5, 0],
			"scale": [0.8, 0.8, 0.8]
		},
		"fixed": {
			"rotation": [90, -132, 0],
			"translation": [1.25, -3.25, 3.5],
			"scale": [0.8, 0.8, 0.8]
		}
	}
}