{
	"parent": "item/handheld",
	"textures": {
		"layer0": "item/netherite_sword"
	},

	"overrides": [
		{"predicate": {"custom_model_data":121},"model": "item/netherite_rapier"},
		{"predicate": {"custom_model_data":122},"model": "item/netherite_greatsword"},
		{"predicate": {"custom_model_data":123},"model": "item/netherite_cutlass"},
		{"predicate": {"custom_model_data":124},"model": "item/netherite_mace"},
		{"predicate": {"custom_model_data":125},"model": "item/netherite_longsword"},
		{"predicate": {"custom_model_data":126},"model": "item/netherite_warhammer"},
		{"predicate": {"custom_model_data":200},"model": "item/netherite_bec_de_corbin"},
		{"predicate": {"custom_model_data":201},"model": "item/netherite_halberd"},
		{"predicate": {"custom_model_data":202},"model": "item/netherite_dane_axe"},
		{"predicate": {"custom_model_data":300},"model": "item/lama_di_veleni"},
		{"predicate": {"custom_model_data":301},"model": "item/nightbane"},
		{"predicate": {"custom_model_data":302},"model": "item/impotence"}
	]
}