{
	"parent": "item/handheld",
	"textures": {
		"layer0": "item/netherite_dane_axe"
	},
	    "display": {
        "thirdperson_righthand": {
            "rotation": [ 0, -85, 40 ],
            "translation": [ 0, 4, 2 ],
            "scale": [ 2, 2, 1 ]
        },
        "thirdperson_lefthand": {
            "rotation": [ 0, 85, -40 ],
            "translation": [ 0, 4, 2 ],
            "scale": [ 2, 2, 1 ]
        },
        "firstperson_righthand": {
            "rotation": [ 0, -90, 25 ],
            "translation": [ 0, 0, 0],
            "scale": [ 1.7, 1.7, 1 ]
        },
        "firstperson_lefthand": {
            "rotation": [ 0, 90, -25 ],
            "translation": [ 0, 0, 0],
            "scale": [ 1.7, 1.7, 1 ]
        },
        "gui": {
            "rotation": [ 15, -25, -5 ],
            "translation": [ 0, 0, 0 ],
            "scale": [ 1, 1, 1 ]
        },
        "fixed": {
            "rotation": [ 0, 180, 0 ],
            "translation": [ 0, 0, 0],
            "scale":[ 1, 1, 1]
        },
        "ground": {
            "rotation": [ 0, 0, 0 ],
            "translation": [ 0, 0, 0],
            "scale":[ 1, 1, 1]
        }
    }
}