{
	"parent": "item/handheld",
	"textures": {
		"layer0": "item/stone_sword"
	},

	"overrides": [
		{"predicate": {"custom_model_data":121},"model": "item/stone_rapier"},
		{"predicate": {"custom_model_data":122},"model": "item/stone_greatsword"},
		{"predicate": {"custom_model_data":123},"model": "item/stone_cutlass"},
		{"predicate": {"custom_model_data":124},"model": "item/stone_mace"},
		{"predicate": {"custom_model_data":125},"model": "item/stone_longsword"},
		{"predicate": {"custom_model_data":126},"model": "item/stone_warhammer"},
		{"predicate": {"custom_model_data":200},"model": "item/stone_bec_de_corbin"},
		{"predicate": {"custom_model_data":201},"model": "item/stone_halberd"},
		{"predicate": {"custom_model_data":202},"model": "item/stone_dane_axe"}
	]
}